"ensembl_gene_id","baseMean","log2FoldChange","lfcSE","stat","pvalue","padj","external_gene_name","description"
"ENSG00000148702",111.721457216039,10.6731134164837,2.36807428389636,4.50708556275629,6.57241352369454e-06,0.0124037874225925,"HABP2","hyaluronan binding protein 2 [Source:HGNC Symbol;Acc:HGNC:4798]"
"ENSG00000269067",482.602204386733,9.47533726740885,1.84990110080058,5.12207774962036,3.02187233354555e-07,0.00114060571229677,"ZNF728","zinc finger protein 728 [Source:HGNC Symbol;Acc:HGNC:32463]"
"ENSG00000286456",140.637599083719,11.005189790767,2.32850032755784,4.72629943853579,2.28648406545292e-06,0.00517820046303122,"","novel transcript"
