"ensembl_gene_id","baseMean","log2FoldChange","lfcSE","stat","pvalue","padj","external_gene_name","description"
"ENSG00000008196",153.047841028973,6.73127102677056,1.51513490855668,4.44268757109081,8.8842124969981e-06,0.0105322339151913,"TFAP2B","transcription factor AP-2 beta [Source:HGNC Symbol;Acc:HGNC:11743]"
"ENSG00000070047",54.1634452837752,6.20250692171226,1.62300308616552,3.82162361524905,0.000132575929401152,0.0367407500972882,"PHRF1","PHD and ring finger domains 1 [Source:HGNC Symbol;Acc:HGNC:24351]"
"ENSG00000106153",108.622936116278,9.14069514099278,1.64679200215704,5.55060695523169,2.84679478575446e-08,0.000151869384833036,"CHCHD2","coiled-coil-helix-coiled-coil-helix domain containing 2 [Source:HGNC Symbol;Acc:HGNC:21645]"
"ENSG00000180229",64.8622513849251,7.60864372034857,1.70259266880871,4.4688573255001,7.86385593684016e-06,0.00987098951977836,"HERC2P3","HERC2 pseudogene 3 [Source:HGNC Symbol;Acc:HGNC:4871]"
"ENSG00000197083",23.5086246307316,8.83897202434531,2.20277419122449,4.01265461505696,6.0039728310708e-05,0.0225605923398443,"ZNF300P1","zinc finger protein 300 pseudogene 1 [Source:HGNC Symbol;Acc:HGNC:27032]"
"ENSG00000197587",39.0557912639716,6.87891602517212,1.84710054299683,3.72416978125696,0.000195959021394964,0.046461883972746,"DMBX1","diencephalon/mesencephalon homeobox 1 [Source:HGNC Symbol;Acc:HGNC:19026]"
"ENSG00000198028",210.637956445595,4.51383301552407,1.14013365860114,3.95903847015815,7.5252115958142e-05,0.0257894441307528,"ZNF560","zinc finger protein 560 [Source:HGNC Symbol;Acc:HGNC:26484]"
"ENSG00000214548",204.024053076529,7.98091069876068,1.28922352759304,6.1904786314759,5.99817991149047e-10,1.05700271093798e-05,"MEG3","maternally expressed 3 [Source:HGNC Symbol;Acc:HGNC:14575]"
